source_year,target_year,histid_source,line_source,histid_target,line_target,source_row_index,target_row_index,reason
1870,1880,3885F382-48B8-41C3-A583-DB901164A868,101,19E7F703-653B-40F8-9477-A5D6CAA2B2F0,9674,,7780,Target in row 7780 already has id_1870=113 (conflicts with source line 101)
1870,1880,59BDB70F-89D3-4DBE-8AB3-A16349B59D35,113,0A73A1C8-B782-450B-8415-42862B721CD1,25192,7780,,Source row 7780 already has id_1880=9674 (conflicts with target line 25192)
1870,1880,EA44F935-D755-4C6B-A585-ADB0C313E18F,358,F5287D59-1555-45D6-9ACF-36D305FC9C2A,8370,,8520,Target in row 8520 already has id_1870=2757 (conflicts with source line 358)
1870,1880,C9700695-69ED-4EAB-B147-1AD3E822C842,1355,E62F133B-1B00-4DD7-BDAB-3E45AD4D3102,10265,,6180,Target in row 6180 already has id_1870=1335 (conflicts with source line 1355)
1870,1880,997109FD-6169-4D07-A7C0-E7A669A95472,1514,052A68EB-F89C-4466-94DB-ABFB561CCB12,10339,8175,,Source row 8175 already has id_1880=10340 (conflicts with target line 10339)
1870,1880,99215C4C-3AC7-49B5-83D4-D76833651E5F,2183,8E6302D0-FE29-4369-BE3F-4B07F0B612C7,9353,6256,,Source row 6256 already has id_1880=9892 (conflicts with target line 9353)
1870,1880,ECECA043-160C-43AC-BDE0-DBE15B8D993B,2184,90BB1B85-E114-4CFA-B3A4-E31483D6010B,9354,6257,,Source row 6257 already has id_1880=9893 (conflicts with target line 9354)
1870,1880,2AA023EE-8181-428A-9658-9612B1F21260,2249,9FA3CEA6-A0F9-4DDE-ABA7-C14969FB815A,6317,8380,8427,"Source histid in row 8380, target histid in row 8427"
1870,1880,39CC37F9-5479-4DC3-B74A-77425F057BAA,2308,7693E2C7-DD4A-45CD-8D60-0049C8DDB2FD,8787,8399,8785,"Source histid in row 8399, target histid in row 8785"
1870,1880,AB4B3186-241D-4F37-93A5-D2E10E474A8E,2739,C17BCB29-01B2-4386-9430-FA0B561B3700,20131,,13078,Target in row 13078 already has id_1870=18770 (conflicts with source line 2739)
1870,1880,D9721AC6-C66D-4990-94A4-EDFE2610D33D,2803,40DB33B9-C8FC-40B4-B62A-99D0D747AC7D,7193,8533,,Source row 8533 already has id_1880=8387 (conflicts with target line 7193)
1870,1880,1853489A-9C9E-42DC-8754-A834CCC97BD5,2824,BAE4F6F3-3569-47B0-AA60-11313A63FBF7,24531,8537,8969,"Source histid in row 8537, target histid in row 8969"
1870,1880,239B211D-2EA9-446E-81DC-D9D147775BF4,2970,45DCC7F3-3E3F-4BF2-B146-A1056E16CCF8,30265,7071,7500,"Source histid in row 7071, target histid in row 7500"
1870,1880,E4ECA8B8-4C1F-4323-AE73-2D6F1636BE60,3701,DA0F5187-71C6-4084-A7A9-45FA14835A04,8455,8804,8801,"Source histid in row 8804, target histid in row 8801"
1870,1880,B00726D5-BD73-4F5B-B6A7-8CE1C561EFD8,3821,3F16708E-9815-4BFD-BC29-6BCB72924BC1,10082,6583,1168,"Source histid in row 6583, target histid in row 1168"
1870,1880,D081C9E9-6BF2-40CD-8697-E380EA34E657,3856,B831FBBF-ABCD-4A7D-9E7A-66BB790D5330,7033,8862,,Source row 8862 already has id_1880=7034 (conflicts with target line 7033)
1870,1880,F4150401-D0AD-45B6-A964-11FFC27C4F0B,4251,C8A3C6D9-FB66-4665-85D7-6DCF38D3706F,27429,1559,13512,"Source histid in row 1559, target histid in row 13512"
1870,1880,563B32D7-DFC5-435C-A1B7-93CCEDF2D39E,4765,3221794C-8412-4D6A-ABD0-F22D27084E63,24529,7110,8967,"Source histid in row 7110, target histid in row 8967"
1870,1880,B94262F1-B13D-4601-B3DE-E69986BCD407,5552,C30F330C-B166-45C5-90A7-FC8696520594,9310,9306,,Source row 9306 already has id_1880=25359 (conflicts with target line 9310)
1870,1880,43F0EBAD-06AC-4F41-B8F9-038135A6E0C0,5699,DF01E1E9-1639-46EC-BDD2-25F347A81A21,26865,9355,13733,"Source histid in row 9355, target histid in row 13733"
1870,1880,7FB4881C-5ABC-42AD-B5B1-23E17A837580,5708,7088CA23-1D61-4149-89F3-8479558A9546,17826,9357,,Source row 9357 already has id_1880=24614 (conflicts with target line 17826)
1870,1880,12DFCEBE-A090-41DF-B776-55FFBA8BBA54,5875,09B672F2-74AD-460F-8C30-2C629727CC78,11663,9394,,Source row 9394 already has id_1880=11664 (conflicts with target line 11663)
1870,1880,D2716B20-F1F6-45B0-9163-BA6839E2E7C9,5991,0A997906-1ED3-4CD1-9941-660FA0174700,15227,9425,10346,"Source histid in row 9425, target histid in row 10346"
1870,1880,4B690B48-D099-4BA7-A0C9-AFD108DB7C32,6120,48EEF2D6-C9F0-41E8-85C8-364F01EDF8D9,6173,9460,8890,"Source histid in row 9460, target histid in row 8890"
1870,1880,08F1955B-65CA-461E-8C01-E399CF504D63,6664,FCCA8EBC-DA94-4899-B34E-3B8EF796296C,13831,9621,10282,"Source histid in row 9621, target histid in row 10282"
1870,1880,88E7EE77-C9F5-4DBE-87C1-8CC009D78BBD,6719,D2BFA4CB-CD37-4716-A973-AD3A35E9D396,22253,9630,3150,"Source histid in row 9630, target histid in row 3150"
1870,1880,DD6B45B7-6B59-478C-AC16-64053068A987,6725,99B59650-F02F-49FE-8C0C-47D4EC2AF9FF,22535,,12394,Target in row 12394 already has id_1870=16154 (conflicts with source line 6725)
1870,1880,62BDC76D-EB21-4F7C-B3B3-1FADDFABC11C,6777,42DC0A27-0458-4665-B680-0CB165FF41C5,4243,6832,,Source row 6832 already has id_1880=4733 (conflicts with target line 4243)
1870,1880,B6D7B5D6-3B72-4428-BF8B-66D010EC2344,7108,7AFA3408-2B60-4912-B258-FC08D92D8354,24916,9711,,Source row 9711 already has id_1880=25448 (conflicts with target line 24916)
1870,1880,04515B59-9D2E-494A-AC63-B3A42CF24F68,7118,B5E8F88F-BE90-479C-96DA-77ACCE201569,7166,7011,,Source row 7011 already has id_1880=25412 (conflicts with target line 7166)
1870,1880,B7A90B1E-B458-4002-8216-07E6E059B552,7565,49A33CD3-68F2-4867-A3B9-A1792919DABD,14304,9797,10338,"Source histid in row 9797, target histid in row 10338"
1870,1880,639A0900-DEAD-4256-891E-4FA12220FC95,7620,E856F122-9E2F-40B6-BCF3-42DBF3E18A17,23753,4394,4946,"Source histid in row 4394, target histid in row 4946"
1870,1880,02FAFF69-12EA-412D-BA07-145A339425C3,8252,B0052768-996E-4ADC-B2F8-47395D55DF8A,5068,4885,3404,"Source histid in row 4885, target histid in row 3404"
1870,1880,EF555B39-8230-4A24-9169-A9DF432E3E29,9231,DE9E8B06-AF7D-4507-9EB3-B64C7614E097,14993,,10702,Target in row 10702 already has id_1870=10363 (conflicts with source line 9231)
1870,1880,4946D3DD-05A1-42FC-943D-D1A55AA02E13,9236,9F85C518-EA0E-4413-84C4-5B710646A9D2,14996,,10704,Target in row 10704 already has id_1870=10368 (conflicts with source line 9236)
1870,1880,3B558F41-0AE7-45F2-AAEA-5CC6CC75FBE9,9385,127F3674-359A-4BB8-9E36-BF126EDDE524,11521,5611,,Source row 5611 already has id_1880=11633 (conflicts with target line 11521)
1870,1880,C5FAFD0A-8A8E-4233-99F7-A5C1B213043E,9390,A3112259-363E-4DC2-A2FD-5EC82D323E72,9935,10408,,Source row 10408 already has id_1880=9936 (conflicts with target line 9935)
1870,1880,17839E14-3278-420A-999B-633622182970,9506,32AB99EE-C7B8-4C2A-8C9A-56ADD200FD5D,15088,,10691,Target in row 10691 already has id_1870=10339 (conflicts with source line 9506)
1870,1880,C03CD0C0-49C6-4723-BAB2-44EEC629D7C3,9921,B89CE6D8-5B04-4567-BF97-3B0F7BF85E7C,13467,,3875,Target in row 3875 already has id_1870=8115 (conflicts with source line 9921)
1870,1880,E9D382EE-3A02-4E6C-AD59-8789CF0B7239,10811,DF9E0A48-4E4A-4D48-ACBD-BC5D84B01D07,14554,,10836,Target in row 10836 already has id_1870=10791 (conflicts with source line 10811)
1870,1880,C343290D-2DE0-437A-8271-CE733FE9AC52,10845,659456CA-8FF8-41AA-B0AD-551141F5D3AB,15156,10853,,Source row 10853 already has id_1880=15158 (conflicts with target line 15156)
1870,1880,B1335251-7499-4CF7-A0B4-8319A0D0A53E,10858,ADAA32F6-B949-49FD-9F78-E96DE4AD9801,19449,,11490,Target in row 11490 already has id_1870=12735 (conflicts with source line 10858)
1870,1880,06D0968D-4EFD-4984-A3AA-45E8B5B443C6,10975,C3A08AFB-7E68-4D5E-B6B7-F8C3B25AD452,15354,5226,4179,"Source histid in row 5226, target histid in row 4179"
1870,1880,7841566C-23E1-49AD-A6AD-DA0E3813C5EC,10978,FC17CD12-99D0-4B46-9FEA-42D5BA6551B6,11792,,376,Target in row 376 already has id_1870=10986 (conflicts with source line 10978)
1870,1880,E973F776-ED05-4B7F-86CF-6DA19B2E87E6,10982,50852BB9-AFAC-448E-8E73-E4BD58645B02,11795,,2223,Target in row 2223 already has id_1870=10981 (conflicts with source line 10982)
1870,1880,4BA619C2-A25D-4028-AD58-2A45BC1247CE,10983,9A32C579-9ED5-4900-B2A4-A9843FC38CB2,11796,2221,,Source row 2221 already has id_1880=11797 (conflicts with target line 11796)
1870,1880,A8138D54-A92F-4468-8685-34BCC45C96FB,11255,512B0F8A-455D-4159-8B90-73CC13E71CBB,16042,11014,,Source row 11014 already has id_1880=13239 (conflicts with target line 16042)
1870,1880,0E51F7D8-2D96-43D6-8B13-827F20106E22,11523,2073B7B2-60FF-438C-8626-084049E70674,21138,11088,,Source row 11088 already has id_1880=18742 (conflicts with target line 21138)
1870,1880,851F4B75-B7AF-4D90-A9AA-D43BA960379C,11927,D2394737-46F7-49F7-9618-DCD6D0FF1B32,2337,,11238,Target in row 11238 already has id_1870=11924 (conflicts with source line 11927)
1870,1880,05ACD2C3-F49C-4C30-A5B2-EBAC7827D113,12149,0D08F70C-C214-4F07-9A05-AC770D0932C6,2212,11307,,Source row 11307 already has id_1880=2645 (conflicts with target line 2212)
1870,1880,93A0A394-651C-44B8-BBFA-6D083C1EFE38,12718,E9E6B7AD-F872-40DF-AA2B-BCC56D86C4B7,27615,,13587,Target in row 13587 already has id_1870=20453 (conflicts with source line 12718)
1870,1880,182ADF9B-D00B-4572-B99B-08D2DF8E3B13,13250,B413B66A-D4E4-41B4-AA98-CAD404D158FB,2852,,11257,Target in row 11257 already has id_1870=11953 (conflicts with source line 13250)
1870,1880,E2A76CDC-737D-448D-BB55-96FA3A87CACE,14448,33E6D75B-CDA0-4243-8877-1869C00FBA45,12365,5788,,Source row 5788 already has id_1880=16894 (conflicts with target line 12365)
1870,1880,67A11564-C1D1-4E15-B895-F7834F20A764,15163,230D2136-F3F0-4117-86D9-AF12E2CE5867,22889,3151,1929,"Source histid in row 3151, target histid in row 1929"
1870,1880,9E4EF845-0FD0-402C-92B2-B7B26745D291,16156,3CF0F46A-0A16-404D-B62F-F512DF7CAD0F,22537,,12276,Target in row 12276 already has id_1870=15722 (conflicts with source line 16156)
1870,1880,1589F27B-28F3-431F-81C2-71AFE1059B84,16278,C8A73E0A-FECA-4BF5-9FFF-ED4FE9DAA4DD,19081,,11596,Target in row 11596 already has id_1870=13151 (conflicts with source line 16278)
1870,1880,83FCA8B4-E046-4591-9C04-8FC6F8BCCB2E,16324,3DD14293-B3B8-4A79-AD90-52CE1761B51B,2835,,12827,Target in row 12827 already has id_1870=17761 (conflicts with source line 16324)
1870,1880,2DD05926-8C61-4E4E-9946-3134F8187DE8,16377,7AF38F3B-616E-48B8-B5BB-EDF5AD8A8708,5703,2627,,Source row 2627 already has id_1880=21919 (conflicts with target line 5703)
1870,1880,1BD0B7A7-A490-4742-8453-DD763821D8E5,17533,6981BD8C-37CD-458A-A24B-2B91B352B69C,5762,12769,,Source row 12769 already has id_1880=19831 (conflicts with target line 5762)
1870,1880,4B535302-E241-4930-947E-7F5048F84643,18430,F06BF9DE-596E-482D-BCE1-F7DB5C86A6D6,26578,12997,2882,"Source histid in row 12997, target histid in row 2882"
1870,1880,5C346E63-D7A3-4E99-8704-CE7C6860AFFF,18444,F61C6CC0-96D9-42B8-9935-8516B942A0C2,8538,3237,,Source row 3237 already has id_1880=21655 (conflicts with target line 8538)
1870,1880,3FFE7E9A-953D-498D-9C6C-792DA150D3EF,18526,AA37E7EC-5674-4C12-89F2-569932568E11,14704,,10372,Target in row 10372 already has id_1870=9306 (conflicts with source line 18526)
1870,1880,A34E5A52-EE72-4F68-82F1-BBC22C912600,19175,EB88E88A-DBB5-4920-8BFB-DDBE29B899C0,20630,13212,,Source row 13212 already has id_1880=20864 (conflicts with target line 20630)
1870,1880,BD402122-DA75-463C-AA56-B7663239157B,19379,C7C8065E-C3FB-4A50-9E90-053C6D88CAE7,23395,4200,2869,"Source histid in row 4200, target histid in row 2869"
1870,1880,DA83E46B-F65D-4CD6-BA2A-7C35FDE00A0F,20512,04A69854-68FA-4140-A32C-D1DE259B8E19,25329,13600,,Source row 13600 already has id_1880=25584 (conflicts with target line 25329)
1870,1880,3FD33376-B6FC-48BF-8A7C-F766C135453D,21205,1ECD4A5B-2285-4745-AA87-D2F0B4DB8528,26316,3528,,Source row 3528 already has id_1880=28206 (conflicts with target line 26316)
1870,1880,AA048170-6300-4875-93EE-384A3DF2882C,22123,BF4D5735-C9D8-4176-B93B-423D6FFE7F4E,27694,14025,1404,"Source histid in row 14025, target histid in row 1404"
1870,1880,ADE6BD69-35D8-4FB7-9390-53924E0B8452,22577,71C8DA07-0B1E-495E-9D03-C8D5CA86B028,35465,14084,9211,"Source histid in row 14084, target histid in row 9211"
1870,1880,735F1B33-4684-407B-A4F3-F427A47E4901,23319,33C6D8E5-A6AC-4F01-8CD3-15536C78E419,31093,,14349,Target in row 14349 already has id_1870=23486 (conflicts with source line 23319)
1870,1880,54F2C3B4-0A19-4F61-A30B-E7DCC693E6AB,23738,B29BA55E-8F67-48B7-9096-A5CBD1262CAC,33194,14434,,Source row 14434 already has id_1880=32675 (conflicts with target line 33194)
1870,1880,9A6AA24D-4CCB-461D-AE46-9ACA952ADDAD,24416,AC36AA48-4D7F-411E-804E-94B4A46FA773,3729,,15542,Target in row 15542 already has id_1870=28560 (conflicts with source line 24416)
1870,1880,69A39E24-64E4-4987-8F2E-6C0C9BF9BF18,25301,5F27CFD6-1B92-46C8-90F7-1A632D1677F1,27778,14846,,Source row 14846 already has id_1880=29217 (conflicts with target line 27778)
1870,1880,5F36227F-DE30-4ED6-8451-A8CA7EB61BE7,25585,FE7A4EF5-61C1-43CE-8ADD-402BF38FEA2D,31120,14921,14987,"Source histid in row 14921, target histid in row 14987"
1870,1880,7E586E23-72C8-4C50-815B-371809058D8D,25796,045776C0-59A3-490E-96CB-D0E54E81CFDA,30758,14987,14921,"Source histid in row 14987, target histid in row 14921"
1870,1880,D5976170-9A41-4649-8410-A7B4893D8846,26662,EDD87434-9FC8-4F42-B03D-B9B354D42860,31107,15063,,Source row 15063 already has id_1880=5187 (conflicts with target line 31107)
1870,1880,475BD233-8010-41DF-905F-6F6FF76B6596,26884,C8C4CC8E-D8EC-4952-8948-167CBDE4B27A,3182,15130,,Source row 15130 already has id_1880=3183 (conflicts with target line 3182)
1870,1880,DA7A4656-3206-4B90-B983-79B5C86F1371,26885,C4952E99-3480-43F9-BCC7-43BE83E7F378,3183,,15130,Target in row 15130 already has id_1870=26884 (conflicts with source line 26885)
1870,1880,C6A0A5A1-CD1C-4D96-9BA8-460B7ABAFEC0,27156,F38E342A-C8B3-49DC-A628-0E27FB940683,2680,15212,,Source row 15212 already has id_1880=1847 (conflicts with target line 2680)
1870,1880,87F3AF73-DF5C-4D7A-BD9D-426E31118594,27159,080B82A7-BDD7-434A-B86B-377328D5060B,29147,15215,15128,"Source histid in row 15215, target histid in row 15128"
1870,1880,6FBA3BF9-EB88-4249-BC3C-A472FFACDB42,27395,4C4222BB-8CAA-441B-AA37-6A90B5C2C344,20200,15264,3342,"Source histid in row 15264, target histid in row 3342"
1870,1880,1559C043-2549-4DD4-9372-5A8CAD8241F2,27629,A98EBDA4-741A-4FBA-A0B6-F465CC5C35B9,28827,,11460,Target in row 11460 already has id_1870=12605 (conflicts with source line 27629)
1870,1880,1AB6E6D0-45E5-4B46-AEC5-6CDCE1FBB26F,28588,EF171F38-9C4B-47D8-91AA-E3CFAFBDEB34,4225,15552,,Source row 15552 already has id_1880=3584 (conflicts with target line 4225)
